ID,Cell_Diameter_um
1,2.3936793898692366
2,1.4944647302155876
3,1.3822835843709536
4,1.3823022943318006
5,4.649714412230651
6,2.866706230964222
7,1.131078001740899
8,2.4698144734312133
9,1.9989602640646469
10,0.2159149434905854
11,0.6712422826877062
12,2.1061656373481634
13,4.3651768674835285
14,1.391852184959146
15,1.0580274390543036
16,1.8140075414721657
17,1.0052844807180976
18,1.3177413811391885
19,1.6493024789402646
20,0.6401373048438835
21,2.970060094213139
22,0.5351814462790401
23,0.47279344383467337
24,1.9339504178881348
25,2.8133538079790505
26,1.8978355743570705
27,1.5217791770846008
28,1.3073814349834743
29,1.1399098306866504
30,3.4377993005194494
31,2.121043939389922
32,1.2173188136586541
33,0.9366065293115572
34,2.587618956707874
35,3.3834416734022175
36,3.1812097818028886
37,0.801047048211347
38,1.2984978012876243
39,1.1214349675200985
40,1.4382881157859886
41,2.951088523363256
42,4.10226245720721
43,2.1784871403084987
44,0.9648446230922172
45,1.620841964888904
46,4.6125395350735845
47,1.781588601553853
48,1.3096847025755771
49,1.3988526118012785
50,2.171513364048012
51,0.8256317345052627
52,1.0991971181233626
53,3.1497723935742505
54,2.128127615323064
55,1.79516084047888
56,3.256013564679034
57,0.9146857837815253
58,1.2784349172309803
59,2.078930304781394
60,2.026914590597363
61,0.4258455742984131
62,1.1804614136051148
63,1.4669983703616063
64,2.244605542031768
65,2.0217636415175995
66,1.5723929640013088
67,0.21410508190600064
68,1.6326711944514605
69,1.7456390277852234
70,7.297997788782871
71,1.4304597726306332
72,2.0870595224639974
73,3.620212758880965
74,2.8380726964723606
75,4.212804580611479
76,0.4329122194076864
77,0.6870618941603256
78,1.037267044442227
79,0.3593171948522547
80,1.7567572936081475
81,0.739177710570517
82,4.57520874668209
83,0.8462008804452892
84,1.2845032178696396
85,2.952962159704253
86,0.5291380569674935
87,0.3335831649099911
88,1.9165717437776124
89,2.025190485749753
90,2.8934546398238306
91,2.435377220027748
92,2.0802236705702892
93,0.9338814169542263
94,1.9848449116369442
95,2.0743742601607025
96,0.9040842928085177
97,5.422075519778427
98,2.3562735707681095
99,0.6984617454703965
100,2.9032779052022617
101,3.2453951404038994
102,2.2583783487614157
103,1.3695198381389302
104,0.8706853460462098
105,1.569097196352098
106,2.147025945722302
107,1.683508449691649
108,4.335527216987615
109,2.611912835847056
110,0.7869200543779319
111,0.6311876548292238
112,2.3703511150172916
113,1.3945025259693506
114,2.76881214618936
115,2.355305628586492
116,1.5744018794262604
117,0.7950606810600568
118,0.37619972468652196
119,1.9586207416977897
120,0.5202515336190322
121,0.7662041294056972
122,1.873106279986648
123,1.7429488755192921
124,0.583721956473482
125,3.4923265635235534
126,3.4308584304484087
127,2.4239142083758645
128,2.4218444540979807
129,2.4239347891307315
130,3.2265599468570634
131,2.6569753608282487
132,0.8547978107475362
133,1.3792484807043202
134,6.7965321982244875
135,0.2314843190712702
136,1.1286297094694573
137,3.504812556028296
138,0.9032668262358367
139,2.706979288349223
140,1.7261946383968552
141,0.9590449170296422
142,0.1810112171211586
143,1.919152519935468
144,0.8386093214828443
145,1.5228873752748076
146,2.407300969925776
147,3.052812298347078
148,1.1256323557740238
149,0.9575016153241677
150,0.5113060779282967
151,3.1546290723964168
152,6.181725975508609
153,3.3864763831996676
154,3.8956010526427005
155,0.9098340955223158
156,2.307801665055673
157,2.8800694989607774
158,0.6631385974313213
159,4.787152146265962
160,0.41821343360098334
161,4.305657015895784
162,0.41528212769692086
163,0.693537659944775
164,2.3372504931363376
165,1.758414638271946
166,1.217076633177011
167,4.66714380538984
168,0.5249726881020579
169,1.4782922005596597
170,2.5473950904989047
171,2.0563809102050317
172,0.9850895712019594
173,1.0157105839654368
174,3.021699922258773
175,3.1186913188657703
176,2.0956988328288566
177,0.809171937165523
178,1.0430338919116888
179,1.6398281884635277
180,1.8227705739182225
181,2.4774361184780886
182,1.4190272226431795
183,2.975512232502221
184,2.952947828674513
185,3.9839536830785245
186,1.6939298292369576
187,2.121168842026639
188,1.5042352066140983
189,0.8177946825169989
190,6.09009621983513
191,3.65341672800904
192,2.9118429284518834
193,1.6509060926921901
194,0.7559481042109605
195,3.269093909553203
196,1.483933790702838
197,2.2586163177223146
198,1.0396904520564731
199,2.0033417516449865
200,1.094132062620245
201,1.1295195197667027
202,1.9845493782501766
203,0.4090654750939086
204,0.4299690786081206
205,0.9005744379029215
206,1.4060151545510589
207,3.037192912886287
208,1.4685963163350033
209,1.6428803742395084
210,1.321094543381419
211,2.1189745297386517
212,0.8105795587267246
213,1.5301639340010829
214,2.240924792572578
215,1.9730308082326036
216,1.6829762996425828
217,1.6985098375463163
218,2.3957903268117726
219,6.278199196878948
220,0.8593368333521688
221,6.393352326785056
222,0.825789611329286
223,0.15351349527898106
224,1.0758900094531585
225,2.1479492608353508
226,5.451596815980205
227,0.7550641683521486
228,2.3858080956027847
229,0.4772399446499392
230,5.325389688300209
231,3.700079811010552
232,1.1313758598568107
233,4.096692791078317
234,1.5231263773112067
235,3.829820612669674
236,1.6734454234923501
237,1.7280570526777943
238,1.1505388793024278
239,2.6070085414765627
240,1.8268412805663097
241,2.422925944821232
242,0.3670537384929725
243,3.920130740594516
244,4.5782911593116244
245,1.8205065888311682
246,5.993706641904891
247,5.115041656411146
248,2.646391841532996
249,4.131494632036259
250,3.440524248256498
251,0.27112970090369304
252,1.3424963189459465
253,2.775230773559737
254,4.777257298378545
255,0.44444391831435254
256,0.29298907198157803
257,1.595978494256897
258,0.168862845395904
259,1.5542403442300183
260,2.186154516970936
261,0.7239257955229913
262,1.587050791969167
263,3.228847676216387
264,1.0715540770010854
265,0.8383217977007256
266,1.532274390540714
267,0.655586703739459
268,5.707409999532162
269,1.7126074805646156
270,0.9167015072834019
271,1.9584570915616604
272,1.5258169808050126
273,1.3973624601945573
274,1.071319894697615
275,1.02833340991524
276,0.3760351887421551
277,4.127340682772812
278,2.5273029103515654
279,2.10164615667898
280,1.5069200210010476
281,0.7123918756608719
282,0.8684977319817511
283,0.422277623928349
284,0.9635421393946335
285,0.6240143537190992
286,4.931346537425508
287,3.0836150025857716
288,1.7685572935684724
289,0.7836941735157661
290,0.654198883510852
291,1.43281893028246
292,3.1710843276503704
293,0.43464019499648315
294,2.504220385976046
295,0.9599005983168513
296,1.1135713970662107
297,1.7300958790930991
298,0.8076137834193838
299,1.3768267196458797
300,0.7481184392422972
301,1.0274419068533742
302,2.8444438023913867
303,1.7982212084571945
304,2.837067825903314
305,0.9492331580322274
306,2.517163710486707
307,0.32480054748687837
308,1.7295179761951762
309,2.6344905058474763
310,0.3102780554923627
311,0.9588343664020903
312,1.728610021221814
313,3.3325606160959707
314,1.0273291936139561
315,2.4484714398130505
316,4.306374896473884
317,2.5281808391591616
318,1.41803852192751
319,2.1931970637553606
320,1.0022034402965125
321,1.7809714910453198
322,1.4736584473346785
323,2.141605581040179
324,1.1894787965328577
325,2.2295270953077235
326,1.1801135418175372
327,3.0632015727284885
328,1.2802083787820682
329,0.17722289074051353
330,0.6745884715755589
331,1.6905579501052712
332,4.902919928760329
333,2.983097851771503
334,0.13166968193853057
335,0.393822382107124
336,3.6222295066324635
337,2.6243244941580626
338,6.652682800591422
339,1.1411909472848485
340,0.7926586418251174
341,1.7607760393940635
342,1.1229392444249844
343,3.3969971829555368
344,1.0911379421312293
345,1.3419732202663464
346,0.6955147034844219
347,2.847389927444286
348,0.7371216087325346
349,2.2594123425882096
350,5.453374889568992
351,0.2635151456286417
352,4.440161681348118
353,2.0548616504144865
354,0.5950072545213726
355,1.8119213708636794
356,2.790173791969885
357,0.840281640592655
358,2.352430393225642
359,4.685557345045105
360,1.0899710165974867
361,0.6877282117147695
362,1.5094934698569757
363,1.7396472720273146
364,3.515929908106794
365,1.4708883376690172
366,1.1740763744886127
367,0.6717540868996209
368,0.3130912241034289
369,0.4944204228039384
370,0.4914873816971529
371,1.3534963697573423
372,0.3818292143067265
373,1.5975503477189987
374,5.3745441187305945
375,3.5851240380475047
376,1.3430754987848774
377,7.6851459740478925
378,1.744292234972594
379,1.9356951635747077
380,1.48715851007658
381,1.6247389608408933
382,1.0589411858280844
383,1.3586880498677256
384,4.459911451851637
385,3.848439769601088
386,0.16719944403160694
387,0.4299440081952753
388,0.8506756007927946
389,3.1899549177549136
390,3.906169738718474
391,2.7827276176603983
392,0.592695585749831
393,1.0770811003970497
394,2.3816379589647445
395,1.375261801936569
396,1.2280945810636854
397,1.242744232576045
398,3.656072812896932
399,2.555598937547327
400,1.2981326768045511
401,2.1241520048334923
402,0.5170650810212314
403,1.078816360951011
404,3.4208554473974426
405,0.35655518270002223
406,2.5778230264263096
407,0.1648306062751492
408,4.956172151703479
409,1.0575160578707625
410,2.2368765976161016
411,1.8185260043607363
412,1.868333022967259
413,2.096454298724485
414,0.2902484785004552
415,1.8971277762531544
416,1.4402498218988253
417,1.062442000726616
418,0.8502732673038051
419,1.9325024269838464
420,0.6957965825475256
421,3.3796266116493467
422,2.3542650636550984
423,2.0195315260116082
424,3.2844338078869013
425,0.24074259224539837
426,0.500407241117018
427,2.428264843719183
428,0.8943371155512947
429,0.9952913850421402
430,0.4303891590973045
431,0.6976006209916552
432,3.430523650817441
433,2.3881024213086928
434,1.9168583713721243
435,1.0285022243131767
436,1.829194898699561
437,3.6341979103966566
438,0.9137140205273864
439,1.6219035556701022
440,5.15730728888145
441,2.7575122191504846
442,1.0408763935160035
443,2.6051998107657286
444,0.35031369412858115
445,1.5724084705041563
446,2.6032217791368195
447,2.207260120482662
448,2.5857317064435454
449,2.9917017713746867
450,2.3325252591627574
451,2.2851002282560002
452,1.9494253828336199
453,0.6243440057313221
454,3.4295023644650713
455,1.6161209438493302
456,2.7103752051173107
457,3.1951428393730694
458,1.085280654474075
459,1.166310179724414
460,1.2985418009338396
461,3.8702923935452644
462,0.7579672674911533
463,4.319537643791675
464,1.9335135712986662
465,2.035745400711905
466,3.099188933721302
467,1.77516770798925
468,3.455313557559907
469,1.0840748350404714
470,4.22852246719613
471,1.1551462229180194
472,4.335161925686192
473,1.1809318079873181
474,1.3287099283025137
475,0.6773794471462333
476,0.8589633374148492
477,1.6222884862933196
478,1.987690699115133
479,3.287745442784054
480,1.405390882694801
481,2.210705612644474
482,1.8909232956285549
483,2.3866807098369835
484,0.9714774527851089
485,1.0708432224190494
486,0.9717953546392959
487,3.7211592116285686
488,4.255372276481495
489,1.033086292619451
490,1.0505686742216669
491,2.6245865150561727
492,4.569063086746784
493,5.22635962601463
494,0.9941283399067821
495,1.2145783938440258
496,2.063627160974422
497,2.136808967321293
498,1.4485066083877698
499,0.8339004635412467
500,1.6242646844257338
501,5.2227101131771905
502,1.0837619710171718
503,1.9725908827028482
504,7.520290827719002
505,1.0709664439064517
506,2.7110729468439887
507,5.368209888806702
508,2.5514015274902957
509,3.546836374670661
510,2.9661475990802924
511,2.4110751682712843
512,4.163564640858656
513,2.6522542027154095
514,1.4600937364575441
515,1.8633387890734077
516,2.189366127693832
517,1.2086943791068048
518,1.9257476647359228
519,1.7273376495986834
520,2.646582018950599
521,6.30973240331033
522,2.009795313383433
523,4.645214189680339
524,2.581081746834735
525,1.919372091408843
526,1.154205074035134
527,1.9300025045010205
528,1.844290870680969
529,0.9163589571179123
530,1.0442237125417573
531,2.2026145157520096
532,4.614780263259032
533,1.5832163222647149
534,0.40910112505454604
535,0.6653443195744753
536,2.7586040758204367
537,0.49998627726338085
538,3.065783667357428
539,2.654879271845947
540,1.5418818091061284
541,0.9234931956712785
542,1.374227780911875
543,2.163734391911797
544,0.5168131746100905
545,4.311715310485566
546,2.1494316569904584
547,2.328607441652156
548,2.6417326785479305
549,4.038842666424575
550,1.9334656700247177
551,2.7597735536568795
552,0.9370722910833351
553,5.240374844181042
554,1.837579314273596
555,0.932980627392963
556,1.1544579070655354
557,0.22385705248707394
558,1.1482807225678575
559,0.0872992563801309
560,2.900877893006185
561,2.2784774945370447
562,0.7040474346166972
563,1.605827246059696
564,1.6620201334540183
565,0.5739028081446755
566,1.397368688280975
567,1.701617642552844
568,1.3674943413116127
569,0.93216309608042
570,0.6791665891135925
571,1.3294696445721874
572,1.0326802462662097
573,2.5205370478018247
574,4.204571937703785
575,3.1680249489930894
576,1.744840486500362
577,0.9632161543913746
578,3.1100605761774767
579,2.628502670464911
580,4.011517356340847
581,1.935003205838232
582,5.062393555572168
583,1.935447008082443
584,0.9592077843233479
585,1.1167708129511864
586,2.436863580665577
587,1.030316616584649
588,5.039627468568607
589,2.29580062788638
590,1.7162119421076736
591,1.8264785626208002
592,1.3559867559056147
593,0.30731420703545376
594,1.117462323726004
595,4.636356657698427
596,1.9735499916874104
597,3.4168726369265956
598,3.4830957304750876
599,1.6174451088013062
600,2.6586170153489186
601,0.34750650936714494
602,4.3919481850126205
603,4.158652107975392
604,2.3892713429439407
605,2.0263534859406342
606,1.6338936943238596
607,3.6853550108468336
608,2.874615960790161
609,1.2411793205236061
610,0.5987959174790392
611,0.4917146549287276
612,3.659336547082129
613,1.606823343229997
614,2.361494139580177
615,1.7678235092404393
616,0.49843288420223036
617,0.35657701413069715
618,1.1728154731747642
619,1.255862258781274
620,1.25521500259383
621,1.284966079178995
622,6.04232283739688
623,3.3819597623538065
624,1.994339520626813
625,1.5759282205878868
626,1.6190733180785988
627,2.8027033758895676
628,1.564618645023267
629,3.15159922484133
630,2.1551928321769607
631,6.077815083874699
632,1.4928742879696486
633,3.5457241784813305
634,0.652359796803995
635,0.9841175190526835
636,5.560010576146702
637,3.0611546130678047
638,2.3919833952029887
639,7.09322082450325
640,1.5933822735996745
641,3.5400534864150877
642,3.7167806091308804
643,4.789814022771347
644,0.581559678315259
645,1.5852280903010094
646,2.1281447862869127
647,4.738536456383721
648,2.323417732568858
649,3.7221604369442494
650,0.5310970112563101
651,1.311272638680523
652,4.148247592778232
653,1.4530677936741865
654,1.686860141328341
655,4.6889486228942285
656,0.7949285655736633
657,0.9703772566074672
658,0.47563960922500426
659,4.812248640591098
660,3.339787115743169
661,3.2825561155594603
662,1.2814996635457838
663,0.43939751771196217
664,0.31711331748392946
665,4.168590916477112
666,2.505812495287139
667,2.8509706239571826
668,2.0566772889678737
669,0.8704940774832725
670,1.329941858205381
671,0.6884538232426672
672,0.609349017933731
673,3.1555272957991423
674,0.3501878004241496
675,0.6928336264252287
676,1.3931613472075821
677,1.8064407609842514
678,0.4695462051355528
679,2.3024415157399787
680,1.9727731584153745
681,4.120883870333258
682,1.8295901003970947
683,2.471053047011987
684,0.9147389243520023
685,0.9489873300321952
686,0.5213665242527457
687,0.9226250437245763
688,1.3141505750044464
689,3.8521778330264653
690,0.8041168821276495
691,6.253124725445366
692,2.6260634785546384
693,2.259988302376975
694,1.723869261353149
695,1.483999960525931
696,1.0455760858160188
697,0.4499749034924835
698,0.8295328813709407
699,4.804665533542293
700,2.514419151279887
701,4.776687023859302
702,1.0228577337741571
703,0.6698874445846824
704,1.7110565984939716
705,0.8571590896215185
706,1.9870681768978353
707,0.3568940244063253
708,0.19039868549978473
709,2.1977125554198853
710,4.892683062563243
711,2.268254159603581
712,2.4963664421364182
713,1.766727407921899
714,1.8950109439457985
715,0.4267071178461096
716,0.8860203864059121
717,3.8259481775971236
718,1.2906477758675463
719,3.7745196447840352
720,1.856398630568825
721,1.927098509398154
722,1.2986026433926365
723,2.75815652286691
724,3.2319784675906322
725,0.8439547637154101
726,0.47109723905507395
727,0.24240575702029893
728,2.4122598502524237
729,2.220333848223432
730,7.401304238390857
731,1.774555648456041
732,1.5422326508261806
733,2.036250020228679
734,2.1174283575578396
735,1.4508445830370704
736,0.8690040978161373
737,1.7033137523448572
738,1.6549217895661958
739,1.634565335032281
740,2.961001478627298
741,1.680067598825457
742,0.4819649287779492
743,0.9971286434491946
744,1.4367529931794272
745,1.7408763588943315
746,2.4482855504224728
747,1.751296117401899
748,0.19600571583978346
749,0.5419591501155571
750,2.5673373858164275
751,1.4060200886606664
752,1.86605713321412
753,1.2682673612752602
754,0.9935667908520703
755,1.3058820662191293
756,1.8826802309868307
757,1.6706021553325139
758,3.21764921714745
759,0.3907161918018157
760,0.45155376408697473
761,1.3930098473183108
762,2.467973595615
763,2.851389011109828
764,1.0276859246612147
765,0.0604388272942458
766,1.0562531319109236
767,2.225379102803105
768,1.6469797639176629
769,2.5319653584875974
770,3.737845439505507
771,1.4702687773574652
772,1.1573925361436737
773,0.7654774486548787
774,0.4488443460730651
775,0.33090542768040426
776,0.9435241746088308
777,3.4019071860406687
778,2.7039980721253873
779,1.1127960328058577
780,6.291102951167047
781,1.0006133838412776
782,3.9753337378408222
783,4.604572675875464
784,2.333804882923843
785,0.935909211129412
786,1.2381264414677948
787,1.9166375612215136
788,0.4623151963586022
789,0.7006818994574141
790,0.647532685559026
791,2.4599150784510884
792,3.7138590437509578
793,2.777790746257515
794,3.311612310985135
795,0.8681263156159774
796,1.2838323223994828
797,1.3633622777544558
798,2.3272113633934053
799,0.9662814764084998
800,3.1743811600981604
801,4.521092258532748
802,2.4120028776816342
803,1.2385170401301795
804,0.8010532711194988
805,0.6489784970339978
806,0.19884236107727962
807,1.397036458943724
808,1.3342355838343951
809,3.0426158559178544
810,1.0215562672366127
811,1.4600894417512666
812,2.0587403020219837
813,2.384260129672568
814,2.806790563128858
815,1.9114576067035647
816,0.49048531439191967
817,2.2377435337825355
818,0.9592623709511826
819,3.83087001885938
820,1.6942792569360197
821,1.9971987217638374
822,7.786890426519233
823,2.840666620563927
824,2.208755914010158
825,1.4942346337903922
826,0.5330928421299707
827,1.4111203792588372
828,0.7921269581210111
829,4.88562507300951
830,2.229870970733648
831,3.737978124079204
832,0.9968805311083667
833,0.8448500080596726
834,2.6514985705218717
835,0.7634124414580978
836,1.163298633833275
837,5.038063732044881
838,1.2021438542044454
839,0.42429058964380006
840,0.2703343716510053
841,0.37105019257673333
842,3.885770739589803
843,1.0509150343082672
844,7.631051586322979
845,4.555433298523212
846,5.82960509768299
847,3.3691036921119606
848,2.554613165259107
849,0.8178121908135604
850,1.6623140554335445
851,2.737039502313162
852,3.2291744853412725
853,0.5845441570210701
854,1.4289463419619233
855,1.5621888435640625
856,1.514380356133643
857,0.6632788548519671
858,5.389030980042431
859,1.3910420092430136
860,0.709539623858247
861,5.475571604715214
862,4.558294750375325
863,1.8552465673210425
864,1.1345089703650213
865,0.3392605123708244
866,2.4215366647029635
867,1.069206175138887
868,1.63139683604812
869,5.161285989656663
870,1.0038351304605875
871,2.348056707217082
872,2.864196750664769
873,3.8054066741496424
874,1.540683101346767
875,1.417310260031415
876,1.3910479681863868
877,2.1873416535044705
878,4.4318413320338035
879,1.3405785117288418
880,0.08723404079002772
881,3.088297909820577
882,1.7546558543855093
883,2.4254125268990294
884,0.35382989988373936
885,1.0727132731632136
886,2.916718411317406
887,0.5151884074971631
888,2.344255355498021
889,1.6210758503858
890,0.8868156108780595
891,0.8242109603142204
892,0.669138843940476
893,1.7475698770090053
894,1.9049865273930686
895,1.2363204755873223
896,0.6303456754361089
897,2.2961780533520773
898,3.12719721762631
899,2.6005847741057604
900,5.983856054897125
901,1.4415232254860597
902,4.146279024126968
903,0.9640875972949705
904,0.8331726571228333
905,1.8301023236287866
906,4.7670084479065435
907,1.3176116613346147
908,0.3535336708719724
909,3.086476035652279
910,1.568185291256818
911,2.0828710898354945
912,0.8723151996908135
913,1.817216559332757
914,0.41404839051482434
915,5.443427811656852
916,3.485981739579558
917,1.7558115074621214
918,3.0277919209856354
919,0.9662531100381485
920,3.3812922043302347
921,1.2707553493391928
922,1.1979826531363897
923,0.7126980241702123
924,2.275523369146881
925,1.6981297857157684
926,4.235426034187414
927,0.6369484232293201
928,2.2830118646839206
929,3.717564592873115
930,1.9304215214783786
931,1.2510427036205967
932,1.8937457064522827
933,4.011989145921909
934,4.010870497980346
935,1.5188403607100194
936,3.9644041226415903
937,1.6373180981929654
938,3.0044914244543715
939,2.4768244220457762
940,1.21034231195186
941,0.7369381238255636
942,3.7835678033088858
943,4.503156111081247
944,2.244100561114945
945,1.6356250092186349
946,0.5608895345966585
947,3.718211123980046
948,2.059792631491338
949,1.3542678217491835
950,3.0635359092482366
951,0.4629450842217815
952,0.6800814418417616
953,0.9358832007483463
954,2.4220463530267367
955,1.9094217717465942
956,2.6277150421353825
957,3.5489647397232424
958,2.6944690461350236
959,5.519327049000129
960,3.5433710871827615
961,1.5160357457289042
962,1.0666851615503283
963,1.5524995054329624
964,2.7605832441636164
965,1.1653029214677812
966,2.8139832761860966
967,2.594013602695539
968,0.7272191185825905
969,3.498526048026806
970,2.187220649856919
971,5.3442460496711135
972,1.6417215601965038
973,1.3051030878162517
974,0.6428892495069757
975,0.6332777942361506
976,3.2191575958527614
977,4.994062706404126
978,1.5354271608348604
979,1.458080979851464
980,1.7587492511481182
981,3.6616302283151825
982,0.7332406566570507
983,1.9937281867886714
984,3.269251489508964
985,2.4008846041055594
986,0.04591897610956338
987,2.7039079645441735
988,2.417568328925258
989,4.143393005558765
990,4.734824603079005
991,4.00577080571304
992,1.7659601345861797
993,0.3360263411832149
994,1.4497548983788253
995,1.7235932855064293
996,4.952421349203154
997,0.8801532484233997
998,0.4773581239615695
999,1.1716034731138598
1000,0.9230465612998068
1001,0.4305690827887823
1002,1.5616635459400228
1003,1.7753774416053822
1004,0.40429300299571586
1005,1.2985014071508811
1006,0.8720089053487708
1007,1.8196186909841583
1008,1.9573312694679934
1009,0.8721657290175727
1010,3.4774565915128153
1011,1.6943315599436923
1012,0.9091984565597282
1013,0.37674215632034846
1014,2.0358580835441713
1015,2.41347202064099
1016,1.1175863548947573
1017,1.863449105816811
1018,4.734675368367003
1019,3.113282704344734
1020,0.1462788739590061
1021,0.8999672633254082
1022,1.502892572692588
1023,1.767863780177377
1024,1.8940180061149967
1025,2.304789740424996
1026,1.5426023177534882
1027,1.6911200534852011
1028,3.224825390737832
1029,2.0655015457008363
1030,0.5832372128528744
1031,1.8107817517950235
1032,1.5061718243873063
1033,0.2264714823390741
1034,1.881675596407456
1035,0.6608453065312252
1036,3.2576524825630053
1037,2.281240491043154
1038,0.5518213661128027
1039,3.1571824391958123
1040,4.188109282562675
1041,1.3642505786647494
1042,1.499218266638582
1043,2.9478444050273063
1044,3.9813264609570096
1045,0.30986913884228606
1046,0.6177192851332917
1047,1.1905747651196839
1048,1.2997859776619303
1049,2.88942414425247
1050,3.9951115550537364
1051,4.195793935802987
1052,0.3011435589661895
1053,0.8277540419812744
1054,1.0128370226423025
1055,0.824734961205319
1056,2.2762574573023304
1057,2.4760690971288875
1058,1.6749715374567473
1059,1.5551734542109525
1060,1.2331672331925079
1061,1.354390258903917
1062,4.699613581538719
1063,2.7380584454933916
1064,1.2717855063610681
1065,1.5319426675849526
1066,2.3140582226181223
1067,0.5516433333484494
1068,1.8581001097159382
1069,2.633542258695248
1070,2.400473462798627
1071,0.8424839923186883
1072,0.9867743609250834
1073,0.19482023864670805
1074,2.8306734244971863
1075,6.034206097879107
1076,0.7392074746824167
1077,3.530321587089504
1078,5.688724444306831
1079,1.1352344412217663
1080,1.5335954951409925
1081,2.016173113567208
1082,2.3463031671877475
1083,2.0968285589926476
1084,1.2104566126143337
1085,2.6047858696717707
1086,1.233590455808162
1087,2.202441198829159
1088,1.6291732551804214
1089,0.2656680136147298
1090,3.8842668804284686
1091,1.009878721927153
1092,4.145240160614105
1093,3.4355710122062297
1094,1.9717979061100785
1095,2.4340157384901744
1096,2.6461100777825544
1097,1.4246642102742242
1098,1.4789022547340507
1099,2.556380899552142
1100,1.6426302506095234
1101,1.2137245619575823
1102,0.8547544230941811
1103,2.2493343487023205
1104,0.9814410509267267
1105,3.0463197940093263
1106,3.224802160325438
1107,2.420684393716903
1108,2.788952930468324
1109,2.42580889310553
1110,2.9282539402866474
1111,2.842416406647692
1112,2.162801661863562
1113,3.4651249720480024
1114,1.4648873360453758
1115,0.87810349907872
1116,0.8386916622381423
1117,1.299865558548977
1118,0.22248049527967806
1119,1.9574707791391133
1120,2.6708371061407084
1121,3.1937212175703245
1122,0.3335493160273106
1123,0.8631799545865093
1124,2.9832296664527433
1125,1.4287521498198599
1126,2.628933388355442
1127,0.5241108079140768
1128,4.11267018418674
1129,0.48366952210551173
1130,1.9154605721140583
1131,1.9522525607714012
1132,1.1091266646372153
1133,2.360381881018005
1134,2.408097617225878
1135,2.2263372108582287
1136,1.0921630015980994
1137,0.9210523499214437
1138,1.1921557874146924
1139,0.8144267563383558
1140,3.573231312264098
1141,1.2781833411568049
1142,1.8751522556234843
1143,2.97490794182475
1144,0.7791393360525202
1145,0.46300485926043217
1146,0.8169619735084339
1147,2.0291306517399406
1148,1.9292906609786369
1149,2.223283434703009
1150,1.5369279814990198
1151,0.08462726372752064
1152,1.4992538510304798
1153,3.2494660778678908
1154,3.82603252887947
1155,1.783763172737568
1156,1.9345983715519726
1157,2.5947135537578427
1158,3.754044537741217
1159,1.6673483515374348
1160,2.5695386654150827
1161,1.052169840446896
1162,0.5352608902338701
1163,1.1473322387348486
1164,4.332923396145976
1165,2.605890496221975
1166,0.586379772804179
1167,2.690748608775946
1168,0.6305359423574756
1169,2.201367327008494
1170,0.7522979953097434
1171,0.5544359101056638
1172,4.813970767050174
1173,1.2774006457927745
1174,2.5729527086149115
1175,1.7200531868423596
1176,0.6787640129655511
1177,1.3886220315996072
1178,0.6843388568611027
1179,7.124457925683398
1180,2.8986445731150052
1181,1.6958385736519943
1182,2.477472664105303
1183,2.7713133884533176
1184,2.776397978355053
1185,2.6949804042738337
1186,2.553390005769387
1187,1.8016511296308066
1188,4.5728951237882205
1189,1.8885490236203748
1190,1.7332293738482996
1191,1.9006149947730966
1192,2.001863127571259
1193,0.33649789745253145
1194,0.809569135471724
1195,1.5368876108262783
1196,0.3180580567567606
1197,1.6937766836429917
1198,1.9825934816710715
1199,0.5117285278315855
1200,0.9908636431403173
1201,3.9291954233776116
1202,2.495291980245979
1203,2.39615778483498
1204,3.614426363644283
1205,0.8237225625930691
1206,0.5132499937745655
1207,3.293865638112006
1208,1.5705246000843351
1209,0.8042790208328299
1210,0.3335046339721402
1211,1.9167229723945511
1212,1.4331687081622342
1213,1.246485476336933
1214,0.1314970494164421
1215,4.533571741171675
1216,0.42139769096545815
1217,1.3455772085240325
1218,1.1716624722699933
1219,2.5477994871108374
1220,0.337734407843884
1221,2.3373624086758844
1222,1.9237682840043722
1223,0.9498023763402358
1224,2.2791607885406346
1225,1.6915087548795003
1226,5.249822396869512
1227,1.4321594195065015
1228,0.7117357582492334
1229,2.3539543160038745
1230,1.2942987203999199
1231,1.6657520423603631
1232,0.5174827959657456
1233,2.5752432548725652
1234,1.1305120483704347
1235,2.0340169423252714
1236,6.112587446961821
1237,1.3676659715488688
1238,2.8238456656489492
1239,1.4434839155696984
1240,0.9610355839991757
1241,4.020589943759975
1242,0.23173551490873895
1243,3.335062837748078
1244,0.19767226691971534
1245,3.104983821049935
1246,1.6851611082505373
1247,0.7135653490327136
1248,1.1944765431868765
1249,2.7189854584149193
1250,5.7418408882639556
1251,0.3530513869508411
1252,0.7547829154549082
1253,0.47160859862411475
1254,1.4342414101645231
1255,3.1621181725212426
1256,0.407502994509
1257,1.6511085656416045
1258,3.093836346796235
1259,1.180341942583639
1260,1.9369269827762452
1261,3.8252495774281536
1262,0.6310787397560745
1263,0.2635652273368568
1264,2.114331504343157
1265,2.1570137519123254
1266,1.1134695955271714
1267,0.937674154342743
1268,1.7111471867437797
1269,0.6202008956225162
1270,0.6211503431120068
1271,2.7065789035240573
1272,0.5799942855874819
1273,0.2839979258802987
1274,0.9360416549241357
1275,1.136140352794661
1276,2.3371816214968018
1277,1.008170517273292
1278,4.259873096963106
1279,1.7792561273045857
1280,0.8258159348132078
1281,2.2672700718005387
1282,4.209940821960399
1283,2.655317596558865
1284,0.38185949830991955
1285,1.2184824496031066
1286,2.010989798175155
1287,2.5790544806278057
1288,1.4411714631969217
1289,1.2860164812133548
1290,5.224516925740529
1291,2.6826615571453165
1292,2.2723274031581826
1293,1.0448099756381792
1294,0.6116192935642089
1295,2.300882948689665
1296,2.888075426820154
1297,1.6594526708714565
1298,2.6876602264151193
1299,2.735512901079606
1300,3.020740289932661
1301,0.3747530956351114
1302,1.2469282615847126
1303,2.400179160645339
1304,1.7317535647765925
1305,2.7414282521866835
1306,2.2713534397496224
1307,0.1458897565907863
1308,3.522221747810818
1309,1.1217688546623725
1310,0.7825303618641908
1311,3.4436896611022902
1312,2.596855461880984
1313,3.771951618075807
1314,2.0272018100615083
1315,1.2339424601318094
1316,1.8587183769791948
1317,0.6596640270019276
1318,0.4592776703388694
1319,0.9791335179281713
1320,4.53431140756099
1321,1.0662314603274612
1322,0.2913814255503288
1323,1.4733956969833555
1324,1.0543084886704375
1325,3.5654411800702874
1326,4.323244468975095
1327,1.1878421023583061
1328,2.0257752039961394
1329,2.151057307083291
1330,1.6046424641025234
1331,1.3865645695393054
1332,0.7355730547540067
1333,0.2388590192982389
1334,0.7316305016208163
1335,1.561252677541621
1336,0.4082760519374102
1337,1.9488230027266784
1338,1.757802266177142
1339,1.0558382373212478
1340,1.3399851309462845
1341,0.488916640364648
1342,2.9837199102361724
1343,2.9489552868463185
1344,0.5803333477725926
1345,0.5969221513977672
1346,0.7406212469074188
1347,2.4848064688558615
1348,2.146165914789952
1349,3.4173297689665745
1350,3.6784811155505643
1351,0.3684711261719414
1352,2.4226209898404827
1353,3.5803682466753295
1354,1.271507671514796
1355,1.6364454970990503
1356,1.4515573652591371
1357,1.5026327611383192
1358,2.97671089933012
1359,5.099361925657438
1360,4.161889393492173
1361,1.098006419172314
1362,2.0304938325048076
1363,0.845779971052892
1364,0.9246842778348935
1365,1.581435477103408
1366,0.9028753208119277
1367,1.0243760089853993
1368,1.9952350348258172
1369,2.398565097946008
1370,2.353297809502386
1371,2.3699862915033805
1372,0.5250641801674859
1373,0.8627126903063219
1374,1.7161255279095027
1375,3.471075237951144
1376,6.959995816799585
1377,2.0904679201719145
1378,2.7825285611517745
1379,0.4670095888801928
1380,2.730810786706658
1381,5.789308455876307
1382,0.859910544360394
1383,1.0531008974995661
1384,3.0409084098843953
1385,1.6996583034302637
1386,0.21380876655743922
1387,1.107664398058906
1388,4.311392713776467
1389,1.3318443737666668
1390,1.3309582672399929
1391,2.90942630728333
1392,2.145344054880345
1393,1.2744944982506399
1394,0.994633347773115
1395,9.108814528614456
1396,3.845270485798324
1397,2.3693612732541247
1398,2.477717637320709
1399,1.5098955246999937
1400,2.1268035475178255
1401,1.387251097935413
1402,0.7914305694418315
1403,2.187521416283677
1404,1.2937843423956772
1405,2.2699597102333113
1406,2.579274758480978
1407,2.3559469718847748
1408,0.7339667643094138
1409,1.1838276801603043
1410,1.3139960622666567
1411,3.27050405285877
1412,3.1557996418636916
1413,0.9081877295596621
1414,0.5127044102944824
1415,7.17251443931092
1416,2.290428518814468
1417,0.44577380103162545
1418,1.0387016276821435
1419,3.3635768903121988
1420,6.078023279715065
1421,5.4368015134566345
1422,2.221952885732659
1423,1.6710282260635911
1424,0.6704928531752701
1425,1.7797537954914853
1426,0.7574031875105977
1427,1.1933762715145713
1428,3.038717644653278
1429,1.3817512318868765
1430,1.3089490474335386
1431,1.6026893223196172
1432,7.856043146665061
1433,0.6038356951690742
1434,2.055853050568198
1435,5.123988519093341
1436,1.599024499433899
1437,3.7978805253976775
1438,0.47779316717770937
1439,1.418113578533709
1440,0.8324844504893696
1441,1.585994563110815
1442,1.6119909468131728
1443,1.742701511896998
1444,3.0194523088683503
1445,0.12335274342920727
1446,0.9997083352968696
1447,1.9545835955016986
1448,0.22828350961257243
1449,2.601552589378801
1450,0.9835938479165959
1451,1.4396150715144713
1452,3.1137269839809028
1453,3.913736974066737
1454,2.6572057018922917
1455,0.5871183448746455
1456,2.5653846337375525
1457,2.6869480927973486
1458,2.32945813368538
1459,4.341117179521722
1460,1.7772455780402405
1461,4.231192799235343
1462,4.2141837541390705
1463,2.7397643301719614
1464,2.07961143965693
1465,2.338999903430838
1466,4.965524528470372
1467,3.4680550856672383
1468,0.657472570384885
1469,2.234977941067971
1470,0.7943986277861246
1471,0.9586086494091277
1472,1.2326423516242937
1473,0.4309621840754582
1474,0.7479727428387368
1475,4.498068771668213
1476,0.9534876884126183
1477,3.0311598262780923
1478,1.8984987925843275
1479,2.487798131635824
1480,2.5626901182495994
1481,0.7176737019243619
1482,3.0189598975295158
1483,0.5281419382518554
1484,0.9192637063496412
1485,2.5366344443193483
1486,0.6742576665130384
1487,0.20001193419255373
1488,2.160041000172418
1489,0.35279401293664675
1490,2.70616778336335
1491,1.3063475488291112
1492,2.1377251419893324
1493,2.1090470492766515
1494,2.8470210657872133
1495,2.5889910098750364
1496,0.6685338778082154
1497,1.3710013879981817
1498,2.135899780238809
1499,4.2816228592513985
1500,2.6056519768199817
1501,4.038332114705397
1502,2.21756828134928
1503,3.5091155625794688
1504,2.0096854913569246
1505,3.4126870215019367
1506,1.2529118258974372
1507,4.609409395985574
1508,2.3988596958323223
1509,0.4342510972582855
1510,2.1877808476985394
1511,2.6116353234544905
1512,3.090608534225401
1513,5.676470595300777
1514,1.0952992169451723
1515,5.701141626130688
1516,1.6714423126181341
1517,0.8801417379207344
1518,1.115367650310559
1519,2.5040707158475355
1520,0.7693174328460385
1521,1.2703648661570681
1522,2.148838978165342
1523,4.5859133025570005
1524,3.030103452091785
1525,1.7234774016308396
1526,2.496049745081224
1527,1.9980272201353049
1528,0.5785774607295389
1529,5.115409337754099
1530,4.633887723199491
1531,1.5730119167736243
1532,1.148932258425004
1533,0.5916829628155067
1534,2.606767249421684
1535,2.618645846830434
1536,0.8290131111009973
1537,2.015331300879843
1538,2.9658856499835857
1539,1.0849073736246544
1540,1.4256782114566267
1541,1.4147790404165121
1542,0.8766930641263881
1543,1.4487100939267723
1544,0.3602673204038059
1545,1.3573337179680711
1546,1.3739310800762048
1547,1.5881942733575
1548,2.3654060810868924
1549,0.5459331956867132
1550,0.6508836539977311
1551,0.8571401661871452
1552,0.4908939863058274
1553,2.5589104649178624
1554,1.0456411132054129
1555,1.6264074545435676
1556,0.7937727689760894
1557,1.2441635464450016
1558,2.0863996523895674
1559,2.160271165941869
1560,0.677440487246194
1561,1.5647632561300213
1562,0.8059376582402354
1563,1.5204216042083927
1564,0.973444537650841
1565,5.328466176250168
1566,2.9541618013078415
1567,2.228500880303534
1568,1.3319327974375812
1569,3.0131773565069344
1570,1.5999240919665505
1571,4.976620843166164
1572,3.2214440850601753
1573,1.2368715332074345
1574,4.608075156575967
1575,1.3373770818174069
1576,5.531539429239286
1577,4.770340066411562
1578,2.078188716024413
1579,0.3753411399028164
1580,1.9624788399237496
1581,0.6135082874267554
1582,0.9986298610454313
1583,1.0630512133312007
1584,0.6085087967821217
1585,1.9679050039044899
1586,0.9010244351884652
1587,1.3864230726345976
1588,1.0706343153667846
1589,2.3726445182906124
1590,2.2517869209161696
1591,1.3000329886728221
1592,2.4568446965593496
1593,3.809991370059111
1594,0.16342720954974477
1595,1.020122099964138
1596,0.7264264669357021
1597,0.9446671289784699
1598,0.12533361986943298
1599,0.15435643791883344
1600,1.1011809065694378
1601,1.0754148479529895
1602,4.178267975614057
1603,1.8557609053136215
1604,2.412717962547131
1605,13.610232684515386
1606,5.031947059181498
1607,1.6085983608972252
1608,1.1767816102382918
1609,1.0339437535326663
1610,2.129279007957594
1611,1.185033022963977
1612,0.5920364392189047
1613,1.0666785450080127
1614,2.1735792917642662
1615,2.7175352765287464
1616,5.373565642915617
1617,1.796504120751665
1618,3.9618218332107
1619,1.427737482737432
1620,1.5851658732513558
1621,1.5210736347425475
1622,1.9595114247080203
1623,3.0593869413532375
1624,1.145027751653363
1625,0.7620717979876594
1626,3.229165154878983
1627,3.0727458322488554
1628,4.382424094128679
1629,1.002207634978257
1630,1.3875378166310834
1631,3.3126792042940307
1632,1.1340506153723455
1633,2.6377981640216728
1634,1.4326270152890295
1635,2.121003094408577
1636,0.5806988477332483
1637,1.7791095589440151
1638,3.758727321538659
1639,2.885228311242309
1640,0.7172552599051062
1641,5.093322133217807
1642,3.604639332725947
1643,0.6075657503435521
1644,1.072785423894028
1645,0.640924330623535
1646,2.1644251720166134
1647,1.0334569893376828
1648,0.21625400523754473
1649,1.5796214295790363
1650,3.1418078427309717
1651,1.8069561101577933
1652,2.471357472565194
1653,1.9381577553365175
1654,2.802433239739994
1655,2.0678849229672402
1656,1.513216267502533
1657,1.7901393712605778
1658,4.490840720327109
1659,2.57110953879857
1660,0.7150484564369035
1661,1.76870800698029
1662,2.136381821801628
1663,1.4741558506797903
1664,0.21772889853289287
1665,0.784396336093237
1666,1.1876975157266558
1667,5.484424725900063
1668,2.3761745335923172
1669,0.3608788044403948
1670,1.548681892590269
1671,4.031031370974935
1672,1.0210701866230925
1673,3.3987384947958486
1674,0.374050688953947
1675,0.03234807538731978
1676,3.746013979222219
1677,1.137383648640146
1678,1.2137221354322356
1679,1.9247880336243677
1680,2.3164720328928583
1681,0.07616185794687742
1682,0.9531195329708994
1683,1.7439805694447617
1684,2.31270172947545
1685,0.7071362553104611
1686,1.4139090273752168
1687,1.018342272664636
1688,1.9732098458760292
1689,3.6555154445263125
1690,1.2691620191583537
1691,0.4489668094620458
1692,0.9083073249672035
1693,5.059612671805782
1694,0.7872218294479028
1695,0.5465783961331212
1696,1.206255564473956
1697,1.5489884201985324
1698,1.0724443722279218
1699,0.3763801445187985
1700,2.117269966548828
1701,1.9747239674805317
1702,2.73045936308448
1703,1.9417552880296423
1704,4.78570606297277
1705,2.8810389980956574
1706,2.4874421400785325
1707,3.746611901657497
1708,1.8545167744190005
1709,1.4380695642921342
1710,2.0997614148386834
1711,0.20365340129477344
1712,1.858995325003087
1713,1.5476709612866153
1714,2.2691912313739175
1715,3.40568929069643
1716,2.5392278748985078
1717,0.910504191586185
1718,3.033142319638251
1719,4.831818342720789
1720,3.4660931153955885
1721,0.49259623454458235
1722,2.520209683050073
1723,0.571736987920212
1724,1.3272072735833853
1725,2.2209593189624988
1726,2.012853594007868
1727,3.420225595764783
1728,4.84739027773923
1729,2.384641581366051
1730,1.2458644280471307
1731,0.21721460249037094
1732,4.013623639721806
1733,1.554099728948099
1734,1.61863216890034
1735,1.7205891225579377
1736,2.306491109068545
1737,2.355686523418248
1738,1.34447074568578
1739,1.5419817856320088
1740,1.003274881140946
1741,0.9098716678550756
1742,0.9059554032780802
1743,1.5278416829282073
1744,0.7564147237475232
1745,0.02586048512545218
1746,1.2280932655345356
1747,0.5252051264144759
1748,1.8119400397188838
1749,0.9998891472316964
1750,2.3272378507686504
1751,0.5764447770524825
1752,0.27379706811826837
1753,1.545012209705356
1754,1.18526698467885
1755,0.47898142753666184
1756,2.882661548992331
1757,0.6787430436665497
1758,0.8717751960837952
1759,3.2694837907229437
1760,2.4248967534028396
1761,0.6092958748305087
1762,1.2750550483640801
1763,0.5498762721817827
1764,3.1071350979809567
1765,3.1056807612947948
1766,5.320242165571744
1767,6.688347148972094
1768,0.9896954941081308
1769,2.7664795570867424
1770,0.22602778998038586
1771,1.9173394139629327
1772,2.2784573027190365
1773,0.7147562748045005
1774,0.9365422313245113
1775,3.1202573613783104
1776,2.3196998226472427
1777,4.878540825739533
1778,4.507972705751979
1779,0.31234377378893186
1780,1.0771507068552129
1781,0.6453151372768999
1782,2.8483245684492267
1783,2.0604813042776007
1784,0.6889679057821989
1785,0.7950155601419622
1786,3.856415050981009
1787,1.1832699789997754
1788,0.18081577664545134
1789,0.6312147395716362
1790,5.552484584191998
1791,3.3349199182515927
1792,0.5148147538485737
1793,1.9166803124050495
1794,3.1944091987856966
1795,0.30730785627903706
1796,3.4411606579573806
1797,2.3037747526467744
1798,0.8880329535304984
1799,2.573056295834684
1800,2.081980834308571
1801,2.187735263143341
1802,1.8652526159811194
1803,0.7683509251083402
1804,0.9059150767090931
1805,1.3777789754682952
1806,1.72676416853222
1807,2.681761931174404
1808,5.638738271541136
1809,1.9836734870145372
1810,2.648349001254789
1811,3.0831631895818385
1812,2.7817525806891092
1813,0.7415453553728885
1814,4.1003864973407484
1815,3.6798134254446455
1816,1.8461240361994247
1817,0.7833672290209635
1818,1.7057385465060109
1819,0.3543137345566454
1820,4.458485387703147
1821,0.9805192221704506
1822,1.3217799526050993
1823,4.250616069565415
1824,3.9185065587829704
1825,2.142247761331872
1826,4.902802551964478
1827,0.7197672773906844
1828,2.1430558138541036
1829,0.7253737283538735
1830,3.530027249574712
1831,3.4466949936128786
1832,5.131000319546509
1833,1.6662617498620955
1834,6.070698483130305
1835,0.6698855022359888
1836,1.5980398898125783
1837,0.6929658113925538
1838,1.9329102559256628
1839,0.7507670046089379
1840,3.5365378779327648
1841,2.3584449394107545
1842,0.6169221474160943
1843,2.9932831107620443
1844,4.676953883466165
1845,2.5230696318258827
1846,0.45212403148869373
1847,1.4816505574655507
1848,2.7544919445040907
1849,1.3725878514354115
1850,0.6617556641840484
1851,3.812277099233179
1852,1.325826045013799
1853,4.67886272709027
1854,1.082033192555644
1855,1.2641592430023294
1856,1.0115897669236253
1857,1.4618516647563793
1858,2.3308910539999177
1859,0.6948246301707484
1860,0.5771003844989513
1861,0.2995347096332231
1862,0.25782929512727476
1863,0.4577610624831452
1864,1.0757698121886186
1865,1.906833884251297
1866,2.238990411740362
1867,1.8416617134555966
1868,4.329165566260101
1869,5.257728471046547
1870,1.3309025136119754
1871,0.7058211607668478
1872,6.315382972673188
1873,3.724538968847576
1874,3.5408524118974203
1875,1.0394803433383184
1876,3.044858397183122
1877,1.8527159484319988
1878,1.5729804926670352
1879,1.5708787912389786
1880,2.408294104746639
1881,4.422987650088282
1882,6.655141891911336
1883,1.1972069592069812
1884,1.9319845034453342
1885,1.5422871455456164
1886,2.295244029886976
1887,1.3956352660032774
1888,0.9383553519978198
1889,1.19857578755158
1890,1.0525704030129723
1891,1.4839719750917
1892,0.49289198219725544
1893,1.069717393022539
1894,2.279091525538736
1895,2.266965029781829
1896,2.0144575413875234
1897,4.169207591746535
1898,2.344442270983919
1899,4.078739336482842
1900,6.658342935515135
1901,3.0980301101455336
1902,0.49537040273398847
1903,2.073841043724749
1904,1.85538031444813
1905,4.673841511533065
1906,1.5268143516561474
1907,0.8284858379444986
1908,1.1229510160007286
1909,0.5146892858862256
1910,5.970174020759379
1911,1.691080198830813
1912,0.5655152272529576
1913,4.954214238595246
1914,5.511892346609228
1915,1.9033572544752173
1916,0.46804984222639173
1917,1.1460249675887668
1918,1.4000230155509505
1919,1.7350464987341516
1920,0.6381651247041473
1921,3.274550339270052
1922,0.15836876538058375
1923,3.6435775886829322
1924,4.1735325590692245
1925,1.2423786697077237
1926,1.5851708872361487
1927,4.525429644433371
1928,2.6808939951942943
1929,1.2791326157987948
1930,1.4060040575955193
1931,2.4180596456856276
1932,5.621115421686867
1933,1.441225537487075
1934,1.2473071355574217
1935,1.7257332840163824
1936,1.7336404655686515
1937,2.1193623340106327
1938,1.5891448594344735
1939,3.7917414518206383
1940,0.7716643189958139
1941,2.2933184548764003
1942,2.3588728162063957
1943,0.8361319806774602
1944,2.2767865254569033
1945,2.4036036821028426
1946,0.07534903286508933
1947,0.705000971789145
1948,4.778692337089586
1949,1.0227634601887057
1950,0.5641185995187341
1951,0.2440242963731818
1952,0.6445136346063486
1953,1.5366717919541204
1954,0.5242336157167409
1955,2.705818620247712
1956,0.8224764911858454
1957,2.1313203805932517
1958,4.329345820503342
1959,4.150120117900873
1960,2.1044832689932895
1961,0.6040894952230937
1962,1.620842548321892
1963,2.155532261355576
1964,7.4662181798923255
1965,0.24102578097892657
1966,1.6253389579281594
1967,2.637908867865894
1968,1.8306628442074255
1969,1.9856181804459716
1970,0.86815231760215
1971,3.2353593972040167
1972,1.7342542753253931
1973,1.98023741535584
1974,3.473897164156363
1975,1.3113620929162222
1976,3.998985894539285
1977,0.5059358478213989
1978,2.065250855766696
1979,0.820081771884011
1980,0.6343403228795365
1981,5.578293389980234
1982,0.5339405546369035
1983,1.7603576063893704
1984,0.4923865649978731
1985,3.8337958973530917
1986,1.2056843551982557
1987,3.4614021062259823
1988,2.5745627312915564
1989,6.760284196832986
1990,0.39339918209572
1991,0.6994040775655685
1992,3.33428316090167
1993,2.139382088322906
1994,1.3899068693188696
1995,5.960628589544971
1996,1.6675483375733113
1997,0.8489977691355873
1998,3.4900726239367494
1999,1.7109829506798355
2000,1.8146223282853646
2001,2.730697987897402
2002,2.80635157212162
2003,0.6904515902595808
2004,1.3260804883945094
2005,0.44832860942107283
2006,2.162850339971031
2007,5.513263171635792
2008,0.7180089215036887
2009,0.3629788295834876
2010,0.9759750153526126
2011,1.3802143861015381
2012,2.823834177718784
2013,1.266077453696106
2014,2.191515814098304
2015,1.1039235057679329
2016,1.441907031716925
2017,0.8236068811025202
2018,0.6024724088640305
2019,2.8954147502616756
2020,1.169743452013394
2021,2.309332663427576
2022,0.8118395011097826
2023,1.6759512150032068
2024,0.16357806659057164
2025,1.2437284532867052
2026,0.8923494723376793
2027,3.7293661250056975
2028,0.513079108157621
2029,1.4898090904573555
2030,2.143261053779409
2031,3.380250941408829
2032,3.0655085593258184
2033,1.5845411425856615
2034,1.762528036820947
2035,3.727096886836238
2036,1.5609066442668356
2037,1.9081681873925838
2038,3.810516257739049
2039,7.374098533062741
2040,2.0323913087002703
2041,2.45440734508864
2042,3.002289992223798
2043,3.7858789157777557
2044,3.4383141047008836
2045,1.0321482798451458
2046,2.1339926557298945
2047,3.4546662401817962
2048,4.333287612075611
2049,1.4919322742440768
2050,2.0961698380028406
2051,2.2762667016550227
2052,1.7181130378200486
2053,2.0564067254435154
2054,10.337931543921242
2055,1.4432201274864382
2056,1.5331208770281113
2057,0.3202711328845173
2058,0.2606359934821833
2059,2.3939414145340563
2060,3.4643284544213215
2061,3.037875896950972
2062,0.809809080816433
2063,2.914677246884542
2064,1.5140054001780623
2065,1.2325635229615468
2066,0.4618097579985633
2067,0.9038015943156732
2068,2.4342774397532114
2069,2.117399183692426
2070,1.8931818195831485
2071,0.13993509287713657
2072,1.9078601229885803
2073,1.0189034679506788
2074,2.128668087270222
2075,3.863700330357775
2076,1.1523961672565806
2077,1.803802950328016
2078,5.937302669074692
2079,2.050989592883429
2080,1.638069761941002
2081,0.8219831788286868
2082,2.9714550468542877
2083,0.6979670926534056
2084,3.979406645337572
2085,2.6804962735889277
2086,1.0499065437521202
2087,0.8472281639408147
2088,0.8656981748401248
2089,0.2664140846819651
2090,2.352550641485578
2091,0.16658760831718533
2092,1.5580022096815036
2093,1.4800384207040196
2094,1.2794801422552748
2095,2.340918163137002
2096,1.0521555115644907
2097,1.9115158619847716
2098,3.978876477220556
2099,2.5437115196772297
2100,1.1889253823336199
2101,1.6768606545046927
2102,1.2806550614192993
2103,1.463385526028301
2104,1.9557462497327147
2105,0.4399444214388541
2106,0.33677916414858156
2107,0.7593574697692971
2108,2.4215604424682486
2109,2.6632951498687296
2110,2.947826227117199
2111,0.7874362759571385
2112,1.7959651451111984
2113,1.2196919847762164
2114,1.511981893821351
2115,1.2018709259964564
2116,2.03905818621101
2117,0.9426034860870135
2118,3.6831399425254627
2119,3.7054672412296785
2120,2.3677979985443445
2121,3.393984076165552
2122,0.4219049223270876
2123,3.8294551896431237
2124,2.206590386294133
2125,0.9927253016296828
2126,0.9080076163927105
2127,4.725773605357475
2128,2.980860528867368
2129,1.4804913939433937
2130,0.4166691821133779
2131,3.962261685933844
2132,0.6069971822405192
2133,1.2379311996311875
2134,1.4788713355620406
2135,0.895832785686331
2136,1.4269306007447218
2137,1.6575881634288032
2138,1.4035241760157404
2139,2.1141391384834587
2140,4.842683699900662
2141,0.43905287585241254
2142,1.8787446785827333
2143,0.613464662913897
2144,0.3946426951203654
2145,3.2185734457851427
2146,2.0004798552627827
2147,0.3677196818723518
2148,1.4258945243540948
2149,0.7612468573230609
2150,1.4660046574596641
2151,2.7307012684754164
2152,2.537565085320907
2153,1.208992497331167
2154,3.3230193370980077
2155,4.1904702045194036
2156,2.7625668220974258
2157,1.0468756311840361
2158,1.504334992717663
2159,4.741302862146387
2160,1.28453942280444
2161,2.5432638598809847
2162,0.8849701056603528
2163,3.3390786189811212
2164,0.7965215044171648
2165,1.5563172781830956
2166,2.4794918782612023
2167,5.393014395050614
2168,1.973236343959026
2169,1.3500514927042595
2170,1.2690196965430767
2171,3.239216095726282
2172,2.337865417313801
2173,2.6926155312715467
2174,4.519994853314762
2175,1.7454470178672603
2176,2.2199171686124246
2177,1.2550209204831115
2178,0.8550099720459017
2179,1.00866544578588
2180,0.09350896535491571
2181,2.461550750664298
2182,2.2828194390437546
2183,2.4243435338682824
2184,0.8049631458672121
2185,1.0238207683025347
2186,0.9954127447288504
2187,3.564230216631732
2188,1.9190984197572092
2189,1.731137325443034
2190,2.869310816961591
2191,0.9983076103538809
2192,2.1807714696917326
2193,5.856962649305616
2194,3.949814080925076
2195,2.156837640452846
2196,1.7811171077489596
2197,2.40936968351374
2198,4.320336200355426
2199,4.117160994075081
2200,4.808583195669432
2201,2.000300941207326
2202,0.16478386997709943
2203,5.587190181788446
2204,0.8533182126535942
2205,2.8365384012063584
2206,0.1695256005224153
2207,1.703675851799682
2208,1.2864181730782045
2209,4.815817469418161
2210,2.176962469087882
2211,1.6900347188028597
2212,2.354318476407592
2213,0.04578258068468653
2214,0.9785711258377232
2215,1.112438635133727
2216,2.62527682391575
2217,0.691033363340875
2218,1.9365443672476605
2219,1.5666608678766345
2220,1.0252433661475502
2221,1.0836832202663516
2222,1.5555084372670245
2223,0.23686530337515277
2224,2.896750637025076
2225,0.847924929276177
2226,1.3532617596967886
2227,4.699332574537192
2228,2.931486276117232
2229,0.5784884120816698
2230,0.0317068700762308
2231,2.427082873563264
2232,1.3967384906663325
2233,1.9452309333703814
2234,2.8638226195085177
2235,3.1835042381154888
2236,1.186158611429353
2237,1.5355572485216595
2238,2.2277328119613835
2239,2.334288835020225
2240,1.9310737669136857
2241,4.35671263835618
2242,2.315534857184621
2243,2.834332079858722
2244,2.0538215856901267
2245,0.6862324912097071
2246,0.9758618462294399
2247,0.5545471289014045
2248,3.4312422534737705
2249,0.3654221593252831
2250,1.4865074830893257
2251,1.240462740693423
2252,1.213903799198248
2253,1.3024294954125102
2254,4.908852453720115
2255,0.2164573686316546
2256,3.9970975769570267
2257,1.3935212961228591
2258,3.040902598734544
2259,1.7718272781116906
2260,0.61263481823179
2261,4.255372371214595
2262,3.8229357455250645
2263,0.657867528479661
2264,2.5597033574192047
2265,1.0152188344936477
2266,0.38324289622645813
2267,0.8498345748168087
2268,4.090113802171395
2269,3.0924789873420986
2270,1.314929926284492
2271,4.10307058910736
2272,3.627161975961486
2273,0.851042732160894
2274,4.779932072684026
2275,1.2303553280027955
2276,1.372568034584358
2277,0.22369814296739451
2278,0.9988399162823058
2279,1.4956094667795397
2280,2.096266086903945
2281,0.6146914278113329
2282,0.8862990674443605
2283,4.849497941480164
2284,3.465576970961648
2285,3.906938170746854
2286,1.5955110268091692
2287,2.1421471071319207
2288,2.6001194151091704
2289,4.802686079048621
2290,0.37425824321650625
2291,1.0865051603632208
2292,2.001246148032429
2293,1.7803253317675143
2294,0.8764029175969934
2295,2.443024142833902
2296,1.1231840764226235
2297,1.683283292867611
2298,2.3660346863288138
2299,1.1680636778137097
2300,2.915881932270837
2301,3.291918273796161
2302,0.9061279346866619
2303,1.1164860172031639
2304,0.704578017607721
2305,1.6547039213802408
2306,2.0952199269624745
2307,1.2620441287065158
2308,2.0524578948952774
2309,1.0919197808374284
2310,1.1218470707024206
2311,2.175154873261756
2312,1.1845899227739778
2313,1.5864961631045325
2314,2.231638526791641
2315,2.030587488100099
2316,1.1049576160031054
2317,3.5225352952723266
2318,2.5181507538633103
2319,2.0014314056479066
2320,0.6182243574880163
2321,1.8134785783295615
2322,0.9818056582933875
2323,2.3893267106533473
2324,0.030297836306947407
2325,1.3571525466148884
2326,1.0640798313535174
2327,2.9234336544472583
2328,0.23424029373844174
2329,1.7260884357399775
2330,2.4963825156340196
2331,5.396246399225227
2332,1.118867727111527
2333,2.121611970405872
2334,0.25413778794668856
2335,1.6594986591236889
2336,3.69804260732566
2337,5.430706262465397
2338,2.269342903298697
2339,0.3500140555507658
2340,4.100692678652053
2341,0.35360553774174264
2342,0.5606273176732381
2343,4.334895781294887
2344,1.5676975966587867
2345,1.015221096835955
2346,2.7411771197836914
2347,1.8878951147921872
2348,3.4760576360128326
2349,1.9537004517624672
2350,1.9871583401937152
2351,3.3926480381603974
2352,1.5510559040713214
2353,0.7631997122828804
2354,2.852053370645977
2355,1.317669761608196
2356,2.071126389342249
2357,0.18985327224199872
2358,1.5018329016760321
2359,1.0778426240305414
2360,0.1819956978767792
2361,1.5393032771760233
2362,1.5802575667567935
2363,2.18209221981646
2364,3.6561844944476714
2365,3.2650130253823813
2366,1.1429245104972348
2367,1.9180666918395939
2368,2.413279271157822
2369,1.1705758766779366
2370,0.3911292759342746
2371,1.411761780703543
2372,3.7600898660413615
2373,0.37033384985901
2374,0.6912762647423331
2375,0.8386071092913372
2376,0.6988665596320036
2377,2.7497106664642845
2378,0.978444014054357
2379,2.8014537895757585
2380,1.724592033081297
2381,0.27617434276275127
2382,1.1921289039901113
2383,3.3318060282499613
2384,1.8741790187084717
2385,1.26884139269767
2386,3.790539246170608
2387,0.6272853064872934
2388,1.0099955356320574
2389,3.1205211064064784
2390,2.7101281790783895
2391,0.576871320181782
2392,2.354981560314
2393,0.9644390716711859
2394,0.1699986073100104
2395,1.2896224721939689
2396,5.6594942324974875
2397,3.371264350538621
2398,1.6062562975464223
2399,0.34488724120420994
2400,0.17777517583839078
2401,1.7287354204001912
2402,2.244860619861934
2403,2.7722039347128655
2404,2.552751856356644
2405,2.7080900606908287
2406,2.0498664970594715
2407,3.7354330652536594
2408,1.0760096693461734
2409,1.7088549888959368
2410,0.27753418089992365
2411,1.0564461697298582
2412,3.308348089248823
2413,2.6474993816795367
2414,0.0970811986852609
2415,5.93728343539146
2416,1.8778589595150885
2417,1.9046312786267632
2418,0.9989996533315451
2419,1.197243646838313
2420,1.8621191491521725
2421,2.5422291617938666
2422,2.1214324469518577
2423,1.069182496107621
2424,0.7533469419141224
2425,0.7060670653847774
2426,3.4859986171087294
2427,3.204125919639244
2428,2.378250311498466
2429,3.4688688623558024
2430,1.5102337860325339
2431,3.0164818460889795
2432,2.46704419040665
2433,3.0729833771219646
2434,0.6396396725804216
2435,2.0284028209862255
2436,1.2535147660720418
2437,0.1299627649471525
2438,3.8694943923988134
2439,3.2102798519555815
2440,2.161146372055746
2441,0.7970088230792378
2442,0.26259585447715716
2443,0.12712768940834562
2444,1.0497462422198705
2445,2.736098690578059
2446,1.2644912360870242
2447,2.399318738002039
2448,2.4854967978961695
2449,2.708107632385643
2450,0.20824909781269318
2451,0.8643206826713877
2452,2.3675312363792953
2453,4.441814461444491
2454,3.6350634831318924
2455,2.0796135245607856
2456,3.8972846886324226
2457,2.0678913926769615
2458,0.35892334286646943
2459,2.675801189745579
2460,3.720233685602907
2461,5.375688382525136
2462,1.0244104544423014
2463,0.5751397404756219
2464,3.022616077980308
2465,2.2661330790479592
2466,2.119682043912758
2467,3.9341668769747273
2468,3.014413098117929
2469,2.422302600879873
2470,1.1393778033102908
2471,2.8466078383295
2472,0.551274055451097
2473,2.0635347141569804
2474,1.623251908479595
2475,0.33923688484405595
2476,2.270919747571474
2477,1.0263674212263503
2478,2.231045959871676
2479,0.7109069184389056
2480,3.0353497556045617
2481,4.905411229091741
2482,0.5514800253970742
2483,0.710022495883427
2484,0.4593660193372646
2485,1.405300023630928
2486,2.2060265791688964
2487,2.726424481356845
2488,2.0336318176638626
2489,2.668217070586182
2490,1.5785028064149613
2491,1.015945032124362
2492,0.7271020808402173
2493,1.4473656931696552
2494,0.7441541156088909
2495,2.1580338710105593
2496,0.7555094439905312
2497,1.112999238920197
2498,3.473928745624899
2499,3.7015916782298506
2500,3.623397207776893
2501,1.5990418943115192
2502,1.0517471658910524
2503,2.400452249710125
2504,0.7703515596640106
2505,2.8206670655107713
2506,0.9716147850638556
2507,1.3997782498565612
2508,2.8644981120689885
2509,0.24784416935837167
2510,1.0080251022279683
2511,2.1917494459806144
2512,2.5405440541342514
2513,2.2548535661921294
2514,1.3858010070158258
2515,3.0664950655498147
2516,0.7046431727150562
2517,0.6763453546772752
2518,2.1762163771256025
2519,0.6316614427909777
2520,5.016709247913113
2521,1.0331856522530367
2522,3.027205657535334
2523,0.5301484936987545
2524,4.332069547355088
2525,1.6850001043577076
2526,1.009185457080527
2527,1.3094929609745263
2528,0.8743570278837125
2529,1.3967117133664084
2530,0.5621882779102843
2531,1.0371758941849425
2532,2.987308058465673
2533,1.9519809675652144
2534,0.6913629560117658
2535,1.4352450147499207
2536,3.7302005495538646
2537,1.140894237828835
2538,0.6251588635503698
2539,2.4752329013019776
2540,0.14129939125420843
2541,1.3334221602397174
2542,3.951258547622955
2543,1.4031201910427213
2544,3.1935367001419337
2545,0.6169368157170384
2546,1.360154447920973
2547,1.2595940865631932
2548,2.3814413788264126
2549,1.755788789419122
2550,4.307289914526151
2551,1.0888444964831965
2552,1.7398319643876379
2553,1.2980198135655872
2554,1.645314643280037
2555,1.533753780835111
2556,0.7635372736197299
2557,2.8747969322002094
2558,0.9451893129015754
2559,0.8881918826988761
2560,0.36198163115133464
2561,1.0628768248190001
2562,0.9345783412500103
2563,0.1833142519816449
2564,1.3919894813224953
2565,4.179903938939753
2566,0.4377207343726588
2567,1.6224587348886828
2568,1.3658674029140994
2569,2.6135614272558523
2570,2.7497326868990752
2571,6.283658535540037
2572,2.0049724866727665
2573,0.8306640902877762
2574,1.0379460397370563
2575,1.1292432183825067
2576,0.967944299039099
2577,4.873596703105973
2578,2.65858753447161
2579,2.366741607418342
2580,0.6419147325641743
2581,2.730542389464696
2582,3.5407087039443508
2583,1.3855367959089793
2584,1.0277708713806821
2585,4.378401731772226
2586,0.9169011007556993
2587,0.8356595301699682
2588,0.7164115524017283
2589,1.562146386238052
2590,2.0006067190721852
2591,3.221157569478234
2592,2.4436259747274263
2593,2.4158397943129617
2594,3.9084823718635837
2595,0.685397331132766
2596,0.41052425325846265
2597,2.5286775216610597
2598,1.5060246873009526
2599,3.229102312598148
2600,1.6171484732577979
2601,0.9981936273886638
2602,2.5546189285614216
2603,1.7738141231207838
2604,1.6182239761125603
2605,7.042338798292657
2606,3.7106718684167648
2607,2.7848263959881416
2608,1.8152051990788696
2609,1.7007262696249104
2610,1.3046813726324795
2611,1.9536033926250296
2612,1.1122392411744784
2613,0.5547139253707982
2614,1.6030974474730708
2615,2.0712014584257394
2616,3.2342622441864295
2617,0.8399485691019548
2618,1.7109575753679116
2619,2.4302765708598435
2620,2.3921856587150985
2621,4.714295354036121
2622,1.3250396962951776
2623,0.7782603737237258
2624,1.796159079433393
2625,1.3802752473947912
2626,1.1946327390696534
2627,1.0672332089533187
2628,2.0772121933897543
2629,0.9467529207664992
2630,2.7831481160998517
2631,2.6933504782271656
2632,2.2135001656616313
2633,0.6842824113285242
2634,2.0100359297716994
2635,3.380159140391182
2636,2.921290148662538
2637,2.646763945442653
2638,1.69181315659655
2639,1.6355775478278238
2640,3.750866158331908
2641,2.0535485927481676
2642,2.07212128350874
2643,8.354084975012851
2644,1.302438801996621
2645,0.16252956177737918
2646,1.4563852475129766
2647,1.5230036003269294
2648,2.0316442549360976
2649,2.3764173948761647
2650,0.2042038927910588
2651,2.4106561541866935
2652,1.593662220667384
2653,1.3499536411523914
2654,0.33872877625900877
2655,4.271795370606951
2656,1.1817036434575732
2657,2.671200553826662
2658,0.8293108659539693
2659,2.09576816118411
2660,1.36684381004183
2661,2.615291549576007
2662,1.3312390989993808
2663,0.7959442533413781
2664,1.6485311598248606
2665,1.5870893722193966
2666,1.997908214408443
2667,3.1657967151995714
2668,0.6449842321331767
2669,3.0586474819674723
2670,0.556344303742809
2671,2.546604936216252
2672,2.6016000822071077
2673,1.1320536013426246
2674,0.8664807718209705
2675,0.827343732793497
2676,1.7663107646277665
2677,2.7176819449996996
2678,1.4904056999146478
2679,0.1396515377087416
2680,1.0723146208726324
2681,1.0414657279161976
2682,2.3652747304440447
2683,2.45051059742521
2684,1.8663485607547852
2685,3.0624693097950746
2686,3.216166157390677
2687,1.1247877233983852
2688,0.8114732617815559
2689,1.5706233408078514
2690,1.8636469920885566
2691,1.0793878202375087
2692,9.630237033062562
2693,4.111390942972518
2694,0.9985097752546794
2695,0.6700822291498592
2696,0.9326925338454112
2697,3.2543615698258987
2698,3.306991963109699
2699,4.1439991633150255
2700,0.7906604951815741
2701,2.358766919745911
2702,0.8556693415946043
2703,4.7276872119071625
2704,0.8147022428399324
2705,0.5361258950782455
2706,0.6357074557561144
2707,1.6539893527288982
2708,2.6915137714558446
2709,2.5739928358581508
2710,0.6610345609452104
2711,1.2297304731934697
2712,1.1043162203554717
2713,0.5769985216765777
2714,1.0831406448043799
2715,4.029820603111045
2716,0.5048532411077927
2717,1.9547456540245398
2718,4.090210568411328
2719,3.9546370033784806
2720,4.86932368817989
2721,2.092607560984522
2722,2.313539307510703
2723,1.0997087112061474
2724,0.4940756622462061
2725,1.4884768927456278
2726,3.520934393846132
2727,0.1364521190295544
2728,1.1407861020820904
2729,2.471208822183943
2730,1.6707336682518492
2731,3.8122542293980586
2732,3.284417896329327
2733,0.43384857500497415
2734,1.7759064384188203
2735,0.8922687752176216
2736,0.8824320643544747
2737,0.46922165409268934
2738,1.996401641735199
2739,3.864356578929011
2740,2.1252484536894083
2741,0.4395428328764009
2742,1.6010317988201934
2743,2.4041731811058304
2744,1.5124475821742667
2745,2.098328786659701
2746,0.9553989660078936
2747,1.380508978359864
2748,1.3146948760169668
2749,4.333626432730195
2750,0.6743324890499146
2751,0.16373737788460732
2752,4.15480172569379
2753,1.8207119214786465
2754,0.5491505964704607
2755,3.094211505683902
2756,2.5073940161882864
2757,4.7959916627307635
2758,1.9278776995966744
2759,7.054957851964749
2760,1.5228073789290295
2761,2.5106657455690957
2762,2.7641247922421353
2763,1.177269606689027
2764,1.1471654687857737
2765,2.8030484403062923
2766,0.5035075455614766
2767,0.8871193418315653
2768,1.4905482393345022
2769,4.698775263524202
2770,2.804360882458163
2771,1.7675377667940355
2772,1.0894381918688438
2773,5.9376094347661885
2774,1.59302028134609
2775,0.88637044768685
2776,6.673474492687179
2777,0.5269495137747087
2778,3.9439223026264036
2779,1.6854679621489015
2780,2.7997114305679554
2781,2.462898892217813
2782,2.771952925480683
2783,7.062569239276095
2784,6.378469675137937
2785,0.9280230603671208
2786,2.3975954818288
2787,0.29751379567403535
2788,2.980535504095713
2789,3.46708167481778
2790,0.16689411031838516
2791,1.6383813177031579
2792,2.7961792448536666
2793,2.162367423962995
2794,0.5377662251745512
2795,0.5975830232348759
2796,1.4941671029110046
2797,1.1771361302025944
2798,1.2702503586607365
2799,0.465651595745335
2800,1.7075280094024141
2801,4.722664170640107
2802,0.5609621799843361
2803,1.3988554094458538
2804,2.5838987119355443
2805,0.3571352444892063
2806,1.7205387797677822
2807,3.3962064462185726
2808,0.6848809247259655
2809,1.8483750696974004
2810,3.231160823489225
2811,6.829586335230986
2812,1.7781779947667187
2813,0.9047428436309946
2814,0.9114700119777155
2815,0.43813229265862
2816,4.976611639122832
2817,3.098257885359652
2818,0.5974390680936718
2819,0.8597382733147867
2820,1.7561012491172368
2821,3.378826991898067
2822,2.4018577109235277
2823,2.238604511802924
2824,1.9407893268013026
2825,0.6292999840921271
2826,1.7735505320729281
2827,1.6156919377504175
2828,0.4316581223735205
2829,4.894778471138984
2830,1.015629255206901
2831,0.44417801566798365
2832,1.1646226137501916
2833,1.3557123056609406
2834,1.5783768511433296
2835,1.3376712189928708
2836,1.6483115178474148
2837,1.8673526971135144
2838,1.796177917221544
2839,2.226678817961089
2840,2.323500254941839
2841,2.365513738269824
2842,2.7959560501014376
2843,0.9231076868156212
2844,0.9524162702081195
2845,3.3894094104396784
2846,1.1940384373568558
2847,1.5113083253488857
2848,1.4083942550512925
2849,6.669370151171543
2850,0.7907878122749358
2851,0.7774633860194369
2852,1.6526765811522246
2853,1.4400595260032951
2854,0.5919656088397718
2855,1.5507473459600583
2856,1.6874409384404643
2857,1.0974250864986022
2858,1.4796883185201812
2859,0.8603555548900906
2860,0.5933368359897122
2861,1.18664583779004
2862,0.6837509382855513
2863,0.4877737565245832
2864,0.23645217123271667
2865,1.965191842468772
2866,1.154319367528802
2867,3.403000408485973
2868,1.234299290391356
2869,1.9582111063314154
2870,0.9735780127663618
2871,1.613924379060347
2872,0.23872286215281924
2873,1.1722646732654456
2874,0.7953439996783638
2875,3.1700827145707646
2876,1.8671551314513688
2877,2.872855224918924
2878,3.6571848555314
2879,1.0950850382972697
2880,1.8088862085845285
2881,0.6260521305762958
2882,2.176569901231771
2883,2.4061473813694945
2884,2.0712273725572876
2885,1.0940682071973342
2886,5.19571178410221
2887,1.684091386635864
2888,0.6295432292339337
2889,2.567826849116179
2890,3.2344478830650862
2891,0.6412840733277169
2892,1.3564722007022387
2893,0.4350419132400089
2894,3.751143869375296
2895,1.5384292544130145
2896,0.7985029591699621
2897,3.2629021159836054
2898,1.6495493931264014
2899,2.9640456835240885
2900,2.275984825441468
2901,0.7049152573083982
2902,1.0635764989101137
2903,0.8182270750451525
2904,0.5896044185865508
2905,0.3250338570563061
2906,5.878818500666672
2907,2.0436789932818136
2908,2.2657913870645037
2909,3.5115048347139854
2910,1.0546719360133539
2911,0.4685278070969967
2912,2.787207843678536
2913,0.5480681014320775
2914,2.74159243290302
2915,0.39783105827113086
2916,0.5101994554593849
2917,0.9684706040025289
2918,2.670498878492492
2919,4.751701120005259
2920,2.263196559107406
2921,1.0011267720405452
2922,3.139948039857359
2923,0.3852150316246035
2924,0.740088104908907
2925,1.7715207626883405
2926,2.850778269743199
2927,1.4115304564330127
2928,1.2947236964054818
2929,1.3560728701573295
2930,3.4903420558042937
2931,0.8663093012618422
2932,0.6955311982264131
2933,1.339142649150832
2934,3.8206287769353326
2935,0.9545069236019879
2936,1.3526900378437734
2937,0.378504563650231
2938,1.3978576817476513
2939,1.9718585580715406
2940,0.5488884666887046
2941,3.4947518666526465
2942,1.953176018902206
2943,1.083620362624592
2944,1.9639573124638987
2945,2.35912955374967
2946,0.27571180299937165
2947,2.0197382368366488
2948,3.730638065530375
2949,0.8556951201050865
2950,1.1029136002347357
2951,1.2574297107542638
2952,2.8729517549626298
2953,0.6427845366215084
2954,2.2822274146624792
2955,1.2764593331777299
2956,4.898739578506494
2957,1.336475168119857
2958,0.13403492137660444
2959,2.5912463041792746
2960,2.199885536391695
2961,1.8924936464499895
2962,3.662462187615257
2963,0.32286360697444455
2964,0.7500999564804091
2965,1.607654218432791
2966,1.8183533938567187
2967,1.4329331267403953
2968,0.38458919764829574
2969,1.1118350410007363
2970,4.674646146676773
2971,0.6142261645569611
2972,1.5805716282394915
2973,2.2883096805219103
2974,2.8155669437904174
2975,2.582532000929209
2976,1.0459178597813024
2977,0.7472060518467135
2978,4.924387191548761
2979,3.0076999433236415
2980,1.6967922554128205
2981,4.089979592526465
2982,0.47139078546402674
2983,0.13971176220451736
2984,1.803014368836877
2985,1.8669961360576863
2986,0.42809200616853277
2987,2.9334172660441262
2988,0.22276807781254956
2989,2.1020088785054787
2990,2.456088227398634
2991,1.7870557074969038
2992,0.3682692267056078
2993,3.6363563190880495
2994,1.0751412591972498
2995,1.0779925788892837
2996,0.9083158050845452
2997,2.6450206375106444
2998,1.033492004103985
2999,0.5608467977504915
3000,3.170683039469626
